{
  "_fv": 79,
  "_type": "recipe",
  "definition": {
    "recipeType": "Crafting",
    "recipeRetstackSize": 3,
    "group": "",
    "unlockingItems": [
      {
        "value": "Blocks.PIGLIN_HEAD"
      },
      {
        "value": "Items.PAPER"
      }
    ],
    "cookingBookCategory": "MISC",
    "xpReward": 0.0,
    "cookingTime": 200,
    "craftingBookCategory": "MISC",
    "recipeShapeless": false,
    "recipeSlots": [
      {
        "value": ""
      },
      {
        "value": ""
      },
      {
        "value": ""
      },
      {
        "value": "Items.PAPER"
      },
      {
        "value": "Blocks.PIGLIN_HEAD"
      },
      {
        "value": ""
      },
      {
        "value": ""
      },
      {
        "value": ""
      },
      {
        "value": ""
      }
    ],
    "recipeReturnStack": {
      "value": "Items.PIGLIN_BANNER_PATTERN"
    },
    "name": "banner",
    "namespace": "mod"
  }
}