{
  "_fv": 79,
  "_type": "recipe",
  "definition": {
    "recipeType": "Smelting",
    "recipeRetstackSize": 1,
    "group": "",
    "unlockingItems": [
      {
        "value": "Blocks.SAPLING"
      }
    ],
    "cookingBookCategory": "MISC",
    "xpReward": 0.5,
    "cookingTime": 100,
    "craftingBookCategory": "MISC",
    "recipeShapeless": false,
    "smeltingInputStack": {
      "value": "Blocks.SAPLING"
    },
    "smeltingReturnStack": {
      "value": "Blocks.DEADBUSH"
    },
    "name": "deadbushplus",
    "namespace": "mod"
  }
}