{
  "_fv": 79,
  "_type": "tool",
  "definition": {
    "toolType": "Hoe",
    "renderType": 0,
    "blockingRenderType": 0,
    "texture": "evil_diamond_hoe",
    "customModelName": "Normal",
    "blockingModelName": "Normal blocking",
    "guiTexture": "",
    "name": "§bEvil diamond hoe",
    "specialInformation": {
      "fixedValue": [
        "gain 15 exp for each diamond use while break block"
      ]
    },
    "creativeTabs": [
      {
        "value": "TOOLS"
      }
    ],
    "efficiency": 10.0,
    "attackSpeed": 2.0,
    "enchantability": 16,
    "damageVsEntity": 2.0,
    "usageCount": 2369,
    "glowCondition": {
      "fixedValue": false
    },
    "repairItems": [
      {
        "value": "CUSTOM:Evildiamond"
      }
    ],
    "immuneToFire": false,
    "blockDropsTier": "NETHERITE",
    "blocksAffected": [],
    "stayInGridWhenCrafting": false,
    "damageOnCrafting": false,
    "onBlockDestroyedWithTool": {
      "name": "EvildiamondhoeBlockDestroyedWithTool"
    }
  }
}