{
  "_fv": 79,
  "_type": "tool",
  "definition": {
    "toolType": "Pickaxe",
    "renderType": 0,
    "blockingRenderType": 0,
    "texture": "diamond_axe",
    "customModelName": "Normal",
    "blockingModelName": "Normal blocking",
    "guiTexture": "",
    "name": "§bEvil diamond axe",
    "specialInformation": {
      "fixedValue": [
        "op axe but with downside"
      ]
    },
    "creativeTabs": [
      {
        "value": "TOOLS"
      },
      {
        "value": "COMBAT"
      }
    ],
    "efficiency": 0.0,
    "attackSpeed": 1.25,
    "enchantability": 16,
    "damageVsEntity": 10.0,
    "usageCount": 2369,
    "glowCondition": {
      "fixedValue": false
    },
    "repairItems": [
      {
        "value": "CUSTOM:Evildiamond"
      }
    ],
    "immuneToFire": true,
    "blockDropsTier": "NETHERITE",
    "blocksAffected": [],
    "stayInGridWhenCrafting": false,
    "damageOnCrafting": false,
    "onCrafted": {
      "name": "EvildiamondaxeItemIsCraftedsmelted"
    },
    "onEntityHitWith": {
      "name": "EvildiamondaxeLivingEntityIsHitWithTool"
    },
    "onEntitySwing": {
      "name": "EvildiamondaxeLivingEntityIsHitWithTool"
    }
  }
}