{
  "_fv": 79,
  "_type": "achievement",
  "definition": {
    "achievementName": "Freeexp",
    "achievementDescription": "mine a obsidipis,can be found in lava lake",
    "achievementIcon": {
      "value": "CUSTOM:Obsidipisoreblock"
    },
    "background": "Default",
    "disableDisplay": false,
    "showPopup": true,
    "announceToChat": true,
    "hideIfNotCompleted": false,
    "rewardLoot": [],
    "rewardRecipes": [],
    "rewardXP": 50,
    "achievementType": "task",
    "parent": {
      "value": "story/mine_diamond"
    },
    "triggerxml": "<xml xmlns=\"https://developers.google.com/blockly/xml\"><block type=\"advancement_trigger\" deletable=\"false\" x=\"40\" y=\"80\"><next><block type=\"item_in_inventory\"><value name=\"amount_l\"><block type=\"math_number\"><field name=\"NUM\">1</field></block></value><value name=\"amount_h\"><block type=\"math_number\"><field name=\"NUM\">1</field></block></value><value name=\"item\"><block type=\"mcitem_all\"><field name=\"value\">CUSTOM:Obisidipis</field></block></value></block></next></block></xml>"
  }
}