{
  "_fv": 79,
  "_type": "recipe",
  "definition": {
    "recipeType": "Crafting",
    "recipeRetstackSize": 1,
    "group": "",
    "unlockingItems": [],
    "cookingBookCategory": "MISC",
    "xpReward": 0.0,
    "cookingTime": 200,
    "craftingBookCategory": "MISC",
    "recipeShapeless": false,
    "recipeSlots": [
      {
        "value": "CUSTOM:Rosegoldingot"
      },
      {
        "value": "CUSTOM:Rosegoldingot"
      },
      {
        "value": "CUSTOM:Rosegoldingot"
      },
      {
        "value": "CUSTOM:Rosegoldingot"
      },
      {
        "value": "CUSTOM:Rosegoldingot"
      },
      {
        "value": "CUSTOM:Rosegoldingot"
      },
      {
        "value": "CUSTOM:Rosegoldingot"
      },
      {
        "value": "CUSTOM:Rosegoldingot"
      },
      {
        "value": "CUSTOM:Rosegoldingot"
      }
    ],
    "recipeReturnStack": {
      "value": "CUSTOM:Rosegoldblock"
    },
    "name": "gay",
    "namespace": "mod"
  }
}