{
  "_fv": 79,
  "_type": "achievement",
  "definition": {
    "achievementName": "Lucky i think",
    "achievementDescription": "destroy a cursedshit with 1 in 4269 chance to drop 64 command block",
    "achievementIcon": {
      "value": "CUSTOM:Cursedshit"
    },
    "background": "Default",
    "disableDisplay": false,
    "showPopup": true,
    "announceToChat": true,
    "hideIfNotCompleted": true,
    "rewardLoot": [
      "Yippe"
    ],
    "rewardRecipes": [],
    "rewardXP": 4269,
    "achievementType": "challenge",
    "parent": {
      "value": "story/root"
    },
    "triggerxml": "<xml xmlns=\"https://developers.google.com/blockly/xml\"><block type=\"advancement_trigger\" deletable=\"false\" x=\"40\" y=\"80\"><next><block type=\"item_in_inventory\"><value name=\"amount_l\"><block type=\"math_number\"><field name=\"NUM\">64</field></block></value><value name=\"amount_h\"><block type=\"math_number\"><field name=\"NUM\">64</field></block></value><value name=\"item\"><block type=\"mcitem_all\"><field name=\"value\">Blocks.COMMAND_BLOCK</field></block></value></block></next></block></xml>"
  }
}