{
  "_fv": 79,
  "_type": "recipe",
  "definition": {
    "recipeType": "Crafting",
    "recipeRetstackSize": 1,
    "group": "",
    "unlockingItems": [
      {
        "value": "Blocks.DEEPSLATE"
      },
      {
        "value": "Blocks.STONE#0"
      },
      {
        "value": "Blocks.GRASS"
      },
      {
        "value": "Blocks.LOG#1"
      },
      {
        "value": "Items.NETHER_STAR"
      }
    ],
    "cookingBookCategory": "MISC",
    "xpReward": 0.0,
    "cookingTime": 200,
    "craftingBookCategory": "MISC",
    "recipeShapeless": false,
    "recipeSlots": [
      {
        "value": ""
      },
      {
        "value": "Blocks.GRASS"
      },
      {
        "value": ""
      },
      {
        "value": "Blocks.STONE#0"
      },
      {
        "value": "Items.NETHER_STAR"
      },
      {
        "value": "Blocks.LOG#1"
      },
      {
        "value": ""
      },
      {
        "value": "Blocks.DEEPSLATE"
      },
      {
        "value": ""
      }
    ],
    "recipeReturnStack": {
      "value": "Items.MUSIC_DISC_OTHERSIDE"
    },
    "name": "othersidediscsplus",
    "namespace": "mod"
  }
}