{
  "_fv": 79,
  "_type": "recipe",
  "definition": {
    "recipeType": "Crafting",
    "recipeRetstackSize": 1,
    "group": "",
    "unlockingItems": [
      {
        "value": "Blocks.NETHERRACK"
      },
      {
        "value": "Items.GOLD_INGOT"
      }
    ],
    "cookingBookCategory": "MISC",
    "xpReward": 0.0,
    "cookingTime": 200,
    "craftingBookCategory": "MISC",
    "recipeShapeless": false,
    "recipeSlots": [
      {
        "value": ""
      },
      {
        "value": "Blocks.NETHERRACK"
      },
      {
        "value": ""
      },
      {
        "value": "Blocks.NETHERRACK"
      },
      {
        "value": "Items.GOLD_INGOT"
      },
      {
        "value": "Blocks.NETHERRACK"
      },
      {
        "value": ""
      },
      {
        "value": "Blocks.NETHERRACK"
      },
      {
        "value": ""
      }
    ],
    "recipeReturnStack": {
      "value": "Items.MUSIC_DISC_PIGSTEP"
    },
    "name": "pigstepdiscsplus",
    "namespace": "mod"
  }
}