{
  "_fv": 79,
  "_type": "tool",
  "definition": {
    "toolType": "Pickaxe",
    "renderType": 0,
    "blockingRenderType": 0,
    "texture": "rose_gold_pickaxe2",
    "customModelName": "Normal",
    "blockingModelName": "Normal blocking",
    "guiTexture": "",
    "name": "§eRose gold pickaxe",
    "specialInformation": {
      "fixedValue": [
        "dev note:this item texture is fix yippe"
      ]
    },
    "creativeTabs": [
      {
        "value": "TOOLS"
      }
    ],
    "efficiency": 12.0,
    "attackSpeed": 1.2000000000000002,
    "enchantability": 2,
    "damageVsEntity": 2.5,
    "usageCount": 190,
    "glowCondition": {
      "fixedValue": false
    },
    "repairItems": [
      {
        "value": "CUSTOM:Rosegoldingot"
      }
    ],
    "immuneToFire": false,
    "blockDropsTier": "DIAMOND",
    "blocksAffected": [],
    "stayInGridWhenCrafting": false,
    "damageOnCrafting": false
  }
}