{
  "_fv": 79,
  "_type": "recipe",
  "definition": {
    "recipeType": "Brewing",
    "recipeRetstackSize": 1,
    "group": "",
    "unlockingItems": [],
    "cookingBookCategory": "MISC",
    "xpReward": 0.0,
    "cookingTime": 200,
    "craftingBookCategory": "MISC",
    "recipeShapeless": false,
    "brewingInputStack": {
      "value": "Blocks.SPONGE#0"
    },
    "brewingIngredientStack": {
      "value": "CUSTOM:Supersugar"
    },
    "brewingReturnStack": {
      "value": "POTION:CUSTOM:Superhaste"
    },
    "name": "smt",
    "namespace": "mod"
  }
}