{
  "_fv": 79,
  "_type": "potion",
  "definition": {
    "potionName": "Potion of Super turtle master",
    "splashName": "Splash Potion of Superturtlemaster",
    "lingeringName": "Lingering Potion of Superturtlemaster",
    "arrowName": "Arrow of Superturtlemaster",
    "effects": [
      {
        "effect": {
          "value": "RESISTANCE"
        },
        "duration": 10800,
        "infinite": false,
        "amplifier": 4,
        "ambient": false,
        "showParticles": true
      },
      {
        "effect": {
          "value": "SLOWNESS"
        },
        "duration": 10800,
        "infinite": false,
        "amplifier": 4,
        "ambient": false,
        "showParticles": true
      }
    ]
  }
}