{
  "_fv": 79,
  "_type": "potion",
  "definition": {
    "potionName": "Potion of Super fireresistance",
    "splashName": "Splash Potion of Superfireresistance",
    "lingeringName": "Lingering Potion of Superfireresistance",
    "arrowName": "Arrow of Superfireresistance",
    "effects": [
      {
        "effect": {
          "value": "FIRE_RESISTANCE"
        },
        "duration": 10800,
        "infinite": false,
        "amplifier": 2,
        "ambient": false,
        "showParticles": true
      }
    ]
  }
}