{
  "_fv": 79,
  "_type": "recipe",
  "definition": {
    "recipeType": "Crafting",
    "recipeRetstackSize": 2,
    "group": "",
    "unlockingItems": [
      {
        "value": "CUSTOM:Ancientcoal"
      }
    ],
    "cookingBookCategory": "MISC",
    "xpReward": 0.0,
    "cookingTime": 200,
    "craftingBookCategory": "BUILDING",
    "recipeShapeless": false,
    "recipeSlots": [
      {
        "value": ""
      },
      {
        "value": "Items.STICK"
      },
      {
        "value": ""
      },
      {
        "value": "Items.STICK"
      },
      {
        "value": "CUSTOM:Ancientcoal"
      },
      {
        "value": "Items.STICK"
      },
      {
        "value": "Blocks.LOG"
      },
      {
        "value": "Blocks.LOG"
      },
      {
        "value": "Blocks.LOG"
      }
    ],
    "recipeReturnStack": {
      "value": "Blocks.CAMPFIRE"
    },
    "name": "campfireplus",
    "namespace": "mod"
  }
}