{
  "type": "minecraft:ore",
  "config": {
    "size": 6,
    "discard_chance_on_air_exposure": 0,
    "targets": [
      {
        "target": {
          "predicate_type": "tag_match",
          "tag": "forge:stone"
        },
        "state": {
          "Name": "omegavanilla:rosegold"
        }
      },
      {
        "target": {
          "predicate_type": "blockstate_match",
          "block_state": {
            "Name": "minecraft:cave_air"
          }
        },
        "state": {
          "Name": "omegavanilla:rosegold"
        }
      }
    ]
  }
}