{
  "display": {
    "icon": {
      "item": "omegabetterslop:rosegold"
    },
    "title": {
      "translate": "advancements.eatablemetal.title"
    },
    "description": {
      "translate": "advancements.eatablemetal.descr"
    },
    "frame": "task",
    "show_toast": true,
    "announce_to_chat": true,
    "hidden": false
  },
  "criteria": {
    "eatablemetal_0": {
      "trigger": "minecraft:consume_item",
      "conditions": {
        "item": {
          "items": [
            "omegabetterslop:rawrosegold"
          ]
        }
      }
    }
  },
  "parent": "minecraft:story/iron_tools"
}