{
  "display": {
    "icon": {
      "item": "omegabetterslop:amathystemeraldblockore"
    },
    "title": {
      "translate": "advancements.endgametrade.title"
    },
    "description": {
      "translate": "advancements.endgametrade.descr"
    },
    "frame": "goal",
    "show_toast": true,
    "announce_to_chat": true,
    "hidden": false
  },
  "criteria": {
    "endgametrade_0": {
      "trigger": "minecraft:inventory_changed",
      "conditions": {
        "items": [
          {
            "items": [
              "omegabetterslop:amathystemerald"
            ],
            "count": {
              "min": 1,
              "max": 1
            }
          }
        ]
      }
    }
  },
  "parent": "minecraft:story/mine_diamond"
}