{
  "display": {
    "icon": {
      "item": "omegabetterslop:cursedshit"
    },
    "title": {
      "translate": "advancements.luckyithink.title"
    },
    "description": {
      "translate": "advancements.luckyithink.descr"
    },
    "frame": "challenge",
    "show_toast": true,
    "announce_to_chat": true,
    "hidden": true
  },
  "criteria": {
    "luckyithink_0": {
      "trigger": "minecraft:inventory_changed",
      "conditions": {
        "items": [
          {
            "items": [
              "minecraft:command_block"
            ],
            "count": {
              "min": 64,
              "max": 64
            }
          }
        ]
      }
    }
  },
  "rewards": {
    "experience": 4269,
    "loot": [
      "omegabetterslop:blocks/cursedshit"
    ]
  },
  "parent": "minecraft:story/root"
}