{
  "display": {
    "icon": {
      "item": "omegabetterslop:aluminium_block"
    },
    "title": {
      "translate": "advancements.whitepeopleplus.title"
    },
    "description": {
      "translate": "advancements.whitepeopleplus.descr"
    },
    "frame": "task",
    "show_toast": true,
    "announce_to_chat": true,
    "hidden": false
  },
  "criteria": {
    "whitepeopleplus_0": {
      "trigger": "minecraft:inventory_changed",
      "conditions": {
        "items": [
          {
            "items": [
              "omegabetterslop:rawaluminium"
            ],
            "count": {
              "min": 1,
              "max": 1
            }
          }
        ]
      }
    }
  },
  "parent": "minecraft:story/iron_tools"
}