{
  "_fv": 79,
  "_type": "recipe",
  "definition": {
    "recipeType": "Blasting",
    "recipeRetstackSize": 1,
    "group": "",
    "unlockingItems": [
      {
        "value": "CUSTOM:Rawrosegold"
      }
    ],
    "cookingBookCategory": "MISC",
    "xpReward": 1.5,
    "cookingTime": 100,
    "craftingBookCategory": "MISC",
    "recipeShapeless": false,
    "blastingInputStack": {
      "value": "CUSTOM:Rawrosegold"
    },
    "blastingReturnStack": {
      "value": "CUSTOM:Rosegoldingot"
    },
    "name": "cum_2",
    "namespace": "mod"
  }
}