{
  "_fv": 79,
  "_type": "recipe",
  "definition": {
    "recipeType": "Blasting",
    "recipeRetstackSize": 1,
    "group": "",
    "unlockingItems": [
      {
        "value": "Blocks.STONE"
      }
    ],
    "cookingBookCategory": "MISC",
    "xpReward": 1.0,
    "cookingTime": 250,
    "craftingBookCategory": "MISC",
    "recipeShapeless": false,
    "blastingInputStack": {
      "value": "Blocks.STONE"
    },
    "blastingReturnStack": {
      "value": "Blocks.DEEPSLATE"
    },
    "name": "deepslate",
    "namespace": "mod"
  }
}