{
  "_fv": 79,
  "_type": "achievement",
  "definition": {
    "achievementName": "Eatablemetal",
    "achievementDescription": "mine a rose gold ore and eat it ore",
    "achievementIcon": {
      "value": "CUSTOM:Rosegold"
    },
    "background": "Default",
    "disableDisplay": false,
    "showPopup": true,
    "announceToChat": true,
    "hideIfNotCompleted": false,
    "rewardLoot": [],
    "rewardRecipes": [],
    "rewardXP": 0,
    "achievementType": "task",
    "parent": {
      "value": "story/iron_tools"
    },
    "triggerxml": "<xml xmlns=\"https://developers.google.com/blockly/xml\"><block type=\"advancement_trigger\" deletable=\"false\" x=\"40\" y=\"80\"><next><block type=\"item_consumed\"><value name=\"item\"><block type=\"mcitem_all\"><field name=\"value\">CUSTOM:Rawrosegold</field></block></value></block></next></block></xml>"
  }
}