{
  "_fv": 79,
  "_type": "armor",
  "definition": {
    "enableHelmet": true,
    "textureHelmet": "evildiamond_helmet",
    "enableBody": true,
    "textureBody": "evildiamond_chestplate",
    "enableLeggings": true,
    "textureLeggings": "evildiamond_leggings",
    "enableBoots": true,
    "textureBoots": "evildiamond_boots",
    "creativeTabs": [
      {
        "value": "COMBAT"
      }
    ],
    "armorTextureFile": "evildiamond",
    "helmetName": "§bEvildiamond Helmet",
    "bodyName": "§bEvildiamond Chestplate",
    "leggingsName": "§bEvildiamonds Leggings",
    "bootsName": "§bEvildiamond Boots",
    "helmetSpecialInformation": {
      "fixedValue": [
        "this armor seem dont effect by evil diamond effect"
      ]
    },
    "bodySpecialInformation": {
      "fixedValue": [
        "this armor seem dont effect by evil diamond effect"
      ]
    },
    "leggingsSpecialInformation": {
      "fixedValue": [
        "this armor seem dont effect by evil diamond effect"
      ]
    },
    "bootsSpecialInformation": {
      "fixedValue": [
        "this armor seem dont effect by evil diamond effect"
      ]
    },
    "helmetModelName": "Default",
    "helmetModelPart": "Helmet",
    "helmetModelTexture": "From armor",
    "bodyModelName": "Default",
    "bodyModelPart": "Body",
    "armsModelPartL": "Arms L",
    "armsModelPartR": "Arms R",
    "bodyModelTexture": "From armor",
    "leggingsModelName": "Default",
    "leggingsModelPartL": "Leggings L",
    "leggingsModelPartR": "Leggings R",
    "leggingsModelTexture": "From armor",
    "bootsModelName": "Default",
    "bootsModelPartL": "Boots L",
    "bootsModelPartR": "Boots R",
    "bootsModelTexture": "From armor",
    "helmetItemRenderType": 0,
    "helmetItemCustomModelName": "Normal",
    "bodyItemRenderType": 0,
    "bodyItemCustomModelName": "Normal",
    "leggingsItemRenderType": 0,
    "leggingsItemCustomModelName": "Normal",
    "bootsItemRenderType": 0,
    "bootsItemCustomModelName": "Normal",
    "helmetImmuneToFire": false,
    "bodyImmuneToFire": false,
    "leggingsImmuneToFire": false,
    "bootsImmuneToFire": false,
    "helmetGlowCondition": {
      "fixedValue": true
    },
    "bodyGlowCondition": {
      "fixedValue": true
    },
    "leggingsGlowCondition": {
      "fixedValue": true
    },
    "bootsGlowCondition": {
      "fixedValue": true
    },
    "helmetPiglinNeutral": {
      "fixedValue": false
    },
    "bodyPiglinNeutral": {
      "fixedValue": false
    },
    "leggingsPiglinNeutral": {
      "fixedValue": false
    },
    "bootsPiglinNeutral": {
      "fixedValue": false
    },
    "maxDamage": 15,
    "damageValueHelmet": 5,
    "damageValueBody": 10,
    "damageValueLeggings": 8,
    "damageValueBoots": 5,
    "enchantability": 16,
    "toughness": 4.0,
    "knockbackResistance": 0.2,
    "equipSound": {
      "value": "item.armor.equip_netherite"
    },
    "repairItems": [
      {
        "value": "CUSTOM:Evildiamond"
      }
    ]
  }
}