{
  "_fv": 79,
  "_type": "procedure",
  "definition": {
    "procedurexml": "<xml xmlns=\"https://developers.google.com/blockly/xml\"><block type=\"event_trigger\" deletable=\"false\" x=\"40\" y=\"40\"><field name=\"trigger\">no_ext_trigger</field><next><block type=\"item_add_enhancement\"><field name=\"enhancement\">EFFICIENCY</field><value name=\"level\"><block type=\"math_number\"><field name=\"NUM\">5</field></block></value><value name=\"item\"><block type=\"itemstack_to_mcitem\"></block></value></block></next></block></xml>",
    "skipDependencyNullCheck": false
  }
}