{
  "_fv": 79,
  "_type": "procedure",
  "definition": {
    "procedurexml": "<xml xmlns=\"https://developers.google.com/blockly/xml\"><block type=\"event_trigger\" deletable=\"false\" x=\"40\" y=\"40\"><field name=\"trigger\">no_ext_trigger</field><next><block type=\"deal_damage\"><value name=\"amount\"><block type=\"math_number\"><field name=\"NUM\">4</field></block></value><value name=\"entity\"><block type=\"entity_from_deps\"></block></value><value name=\"damagesource\"><block type=\"damagesource_from_type\"><field name=\"damagetype\">MAGIC</field></block></value></block></next></block></xml>",
    "skipDependencyNullCheck": false
  }
}