{
  "_fv": 79,
  "_type": "tool",
  "definition": {
    "toolType": "Pickaxe",
    "renderType": 0,
    "blockingRenderType": 0,
    "texture": "evil_diamond_pickaxe",
    "customModelName": "Normal",
    "blockingModelName": "Normal blocking",
    "guiTexture": "",
    "name": "§bEvil diamond pickaxe",
    "specialInformation": {
      "fixedValue": [
        "increase ore drop"
      ]
    },
    "creativeTabs": [
      {
        "value": "TOOLS"
      }
    ],
    "efficiency": 10.0,
    "attackSpeed": 1.2,
    "enchantability": 16,
    "damageVsEntity": 6.5,
    "usageCount": 2369,
    "glowCondition": {
      "fixedValue": false
    },
    "repairItems": [
      {
        "value": "CUSTOM:Evildiamond"
      }
    ],
    "immuneToFire": true,
    "blockDropsTier": "NETHERITE",
    "blocksAffected": [],
    "stayInGridWhenCrafting": false,
    "damageOnCrafting": false,
    "onCrafted": {
      "name": "EvildiamondpickaxeItemIsCraftedsmelted"
    }
  }
}