{
  "_fv": 79,
  "_type": "tool",
  "definition": {
    "toolType": "Sword",
    "renderType": 0,
    "blockingRenderType": 0,
    "texture": "evil_diamond_sword",
    "customModelName": "Normal",
    "blockingModelName": "Normal blocking",
    "guiTexture": "",
    "name": "§bEvil diamond sword",
    "specialInformation": {
      "fixedValue": [
        "inflict burn when hit"
      ]
    },
    "creativeTabs": [
      {
        "value": "TOOLS"
      },
      {
        "value": "COMBAT"
      }
    ],
    "efficiency": 10.0,
    "attackSpeed": 1.8,
    "enchantability": 2,
    "damageVsEntity": 9.0,
    "usageCount": 2369,
    "glowCondition": {
      "fixedValue": false
    },
    "repairItems": [
      {
        "value": "CUSTOM:Evildiamond"
      }
    ],
    "immuneToFire": true,
    "blockDropsTier": "NETHERITE",
    "blocksAffected": [],
    "stayInGridWhenCrafting": false,
    "damageOnCrafting": false,
    "onCrafted": {
      "name": "EvildiamondswordItemIsCraftedsmelted"
    }
  }
}