{
  "_fv": 79,
  "_type": "tool",
  "definition": {
    "toolType": "Spade",
    "renderType": 0,
    "blockingRenderType": 0,
    "texture": "evil_diamond_shovel",
    "customModelName": "Normal",
    "blockingModelName": "Normal blocking",
    "guiTexture": "",
    "name": "§bEvil diamond shovel",
    "specialInformation": {
      "fixedValue": [
        "dev note:this item support consume dirt and give haste effect but due to idk how mc work so i scrap this idea"
      ]
    },
    "creativeTabs": [
      {
        "value": "TOOLS"
      }
    ],
    "efficiency": 10.0,
    "attackSpeed": 1.15,
    "enchantability": 16,
    "damageVsEntity": 3.75,
    "usageCount": 2369,
    "glowCondition": {
      "fixedValue": false
    },
    "repairItems": [
      {
        "value": "CUSTOM:Evildiamond"
      }
    ],
    "immuneToFire": true,
    "blockDropsTier": "NETHERITE",
    "blocksAffected": [],
    "stayInGridWhenCrafting": false,
    "damageOnCrafting": false
  }
}