{
  "_fv": 79,
  "_type": "villagertrade",
  "definition": {
    "tradeEntries": [
      {
        "villagerProfession": {
          "value": "ARMORER"
        },
        "entries": [
          {
            "price1": {
              "value": "CUSTOM:Amathystemerald"
            },
            "countPrice1": 4,
            "price2": {
              "value": ""
            },
            "countPrice2": 1,
            "offer": {
              "value": "Items.DIAMOND"
            },
            "countOffer": 8,
            "level": 3,
            "maxTrades": 5,
            "xp": 5,
            "priceMultiplier": 0.05
          }
        ]
      },
      {
        "villagerProfession": {
          "value": "FARMER"
        },
        "entries": [
          {
            "price1": {
              "value": "CUSTOM:Amathystemerald"
            },
            "countPrice1": 2,
            "price2": {
              "value": ""
            },
            "countPrice2": 1,
            "offer": {
              "value": "Items.GOLDEN_APPLE#0"
            },
            "countOffer": 1,
            "level": 3,
            "maxTrades": 4,
            "xp": 5,
            "priceMultiplier": 0.05
          }
        ]
      },
      {
        "villagerProfession": {
          "value": "BUTCHER"
        },
        "entries": [
          {
            "price1": {
              "value": "CUSTOM:Amathystemerald"
            },
            "countPrice1": 10,
            "price2": {
              "value": ""
            },
            "countPrice2": 1,
            "offer": {
              "value": "Items.SKULL#1"
            },
            "countOffer": 1,
            "level": 3,
            "maxTrades": 2,
            "xp": 5,
            "priceMultiplier": 0.05
          }
        ]
      },
      {
        "villagerProfession": {
          "value": "CARTOGRAPHER"
        },
        "entries": [
          {
            "price1": {
              "value": "CUSTOM:Amathystemerald"
            },
            "countPrice1": 2,
            "price2": {
              "value": ""
            },
            "countPrice2": 1,
            "offer": {
              "value": "Items.MUSIC_DISC_OTHERSIDE"
            },
            "countOffer": 1,
            "level": 3,
            "maxTrades": 1,
            "xp": 5,
            "priceMultiplier": 0.05
          }
        ]
      },
      {
        "villagerProfession": {
          "value": "CLERIC"
        },
        "entries": [
          {
            "price1": {
              "value": "CUSTOM:Amathystemerald"
            },
            "countPrice1": 5,
            "price2": {
              "value": ""
            },
            "countPrice2": 1,
            "offer": {
              "value": "Items.DRAGON_BREATH"
            },
            "countOffer": 2,
            "level": 4,
            "maxTrades": 10,
            "xp": 4,
            "priceMultiplier": 0.05
          }
        ]
      },
      {
        "villagerProfession": {
          "value": "FISHERMAN"
        },
        "entries": [
          {
            "price1": {
              "value": "CUSTOM:Amathystemerald"
            },
            "countPrice1": 7,
            "price2": {
              "value": ""
            },
            "countPrice2": 1,
            "offer": {
              "value": "Items.COAST_ARMOR_TRIM"
            },
            "countOffer": 1,
            "level": 3,
            "maxTrades": 5,
            "xp": 5,
            "priceMultiplier": 0.05
          }
        ]
      },
      {
        "villagerProfession": {
          "value": "FLETCHER"
        },
        "entries": [
          {
            "price1": {
              "value": "CUSTOM:Amathystemerald"
            },
            "countPrice1": 1,
            "price2": {
              "value": ""
            },
            "countPrice2": 1,
            "offer": {
              "value": "Items.SPECTRAL_ARROW"
            },
            "countOffer": 10,
            "level": 3,
            "maxTrades": 10,
            "xp": 5,
            "priceMultiplier": 0.05
          }
        ]
      },
      {
        "villagerProfession": {
          "value": "LEATHERWORKER"
        },
        "entries": [
          {
            "price1": {
              "value": "CUSTOM:Amathystemerald"
            },
            "countPrice1": 3,
            "price2": {
              "value": ""
            },
            "countPrice2": 1,
            "offer": {
              "value": "Items.PHANTOM_MEMBRANE"
            },
            "countOffer": 2,
            "level": 3,
            "maxTrades": 15,
            "xp": 3,
            "priceMultiplier": 0.05
          }
        ]
      },
      {
        "villagerProfession": {
          "value": "LIBRARIAN"
        },
        "entries": [
          {
            "price1": {
              "value": "CUSTOM:Amathystemerald"
            },
            "countPrice1": 10,
            "price2": {
              "value": ""
            },
            "countPrice2": 1,
            "offer": {
              "value": "Items.ENCHANTED_BOOK"
            },
            "countOffer": 2,
            "level": 3,
            "maxTrades": 5,
            "xp": 8,
            "priceMultiplier": 0.05
          }
        ]
      },
      {
        "villagerProfession": {
          "value": "MASON"
        },
        "entries": [
          {
            "price1": {
              "value": "CUSTOM:Amathystemerald"
            },
            "countPrice1": 2,
            "price2": {
              "value": ""
            },
            "countPrice2": 1,
            "offer": {
              "value": "Blocks.SMOOTH_STONE"
            },
            "countOffer": 8,
            "level": 3,
            "maxTrades": 25,
            "xp": 7,
            "priceMultiplier": 0.05
          }
        ]
      },
      {
        "villagerProfession": {
          "value": "SHEPHERD"
        },
        "entries": [
          {
            "price1": {
              "value": "CUSTOM:Amathystemerald"
            },
            "countPrice1": 4,
            "price2": {
              "value": ""
            },
            "countPrice2": 1,
            "offer": {
              "value": "Items.SPAWN_EGG#92"
            },
            "countOffer": 3,
            "level": 3,
            "maxTrades": 3,
            "xp": 7,
            "priceMultiplier": 0.05
          }
        ]
      },
      {
        "villagerProfession": {
          "value": "TOOLSMITH"
        },
        "entries": [
          {
            "price1": {
              "value": "CUSTOM:Amathystemerald"
            },
            "countPrice1": 1,
            "price2": {
              "value": ""
            },
            "countPrice2": 1,
            "offer": {
              "value": "Items.NETHERITE_SCRAP"
            },
            "countOffer": 1,
            "level": 3,
            "maxTrades": 10,
            "xp": 5,
            "priceMultiplier": 0.05
          }
        ]
      },
      {
        "villagerProfession": {
          "value": "WEAPONSMITH"
        },
        "entries": [
          {
            "price1": {
              "value": "CUSTOM:Amathystemerald"
            },
            "countPrice1": 50,
            "price2": {
              "value": ""
            },
            "countPrice2": 1,
            "offer": {
              "value": "Items.NETHERITE_HOE"
            },
            "countOffer": 1,
            "level": 3,
            "maxTrades": 1,
            "xp": 50,
            "priceMultiplier": 0.05
          }
        ]
      }
    ]
  }
}