{
  "_fv": 79,
  "_type": "recipe",
  "definition": {
    "recipeType": "Smelting",
    "recipeRetstackSize": 1,
    "group": "",
    "unlockingItems": [
      {
        "value": "CUSTOM:Rawaluminium"
      }
    ],
    "cookingBookCategory": "MISC",
    "xpReward": 1.5,
    "cookingTime": 200,
    "craftingBookCategory": "MISC",
    "recipeShapeless": false,
    "smeltingInputStack": {
      "value": "CUSTOM:Rawaluminium"
    },
    "smeltingReturnStack": {
      "value": "CUSTOM:Aluminiumingot"
    },
    "name": "sperm",
    "namespace": "mod"
  }
}