{
  "type": "minecraft:ore",
  "config": {
    "size": 2,
    "discard_chance_on_air_exposure": 0,
    "targets": [
      {
        "target": {
          "predicate_type": "blockstate_match",
          "block_state": {
            "Name": "minecraft:amethyst_block"
          }
        },
        "state": {
          "Name": "omegabetterslop:amathystemeraldblockore"
        }
      },
      {
        "target": {
          "predicate_type": "blockstate_match",
          "block_state": {
            "Name": "minecraft:calcite"
          }
        },
        "state": {
          "Name": "omegabetterslop:amathystemeraldblockore"
        }
      }
    ]
  }
}