{
  "type": "minecraft:ore",
  "config": {
    "size": 3,
    "discard_chance_on_air_exposure": 0,
    "targets": [
      {
        "target": {
          "predicate_type": "blockstate_match",
          "block_state": {
            "Name": "minecraft:deepslate",
            "Properties": {
              "axis": "y"
            }
          }
        },
        "state": {
          "Name": "omegabetterslop:evildiamondore"
        }
      },
      {
        "target": {
          "predicate_type": "blockstate_match",
          "block_state": {
            "Name": "minecraft:bedrock"
          }
        },
        "state": {
          "Name": "omegabetterslop:evildiamondore"
        }
      }
    ]
  }
}