{
  "type": "minecraft:block",
  "pools": [
    {
      "rolls": {
        "min": 1,
        "max": 4269
      },
      "entries": [
        {
          "type": "minecraft:item",
          "name": "minecraft:command_block",
          "weight": 1,
          "functions": [
            {
              "function": "set_count",
              "count": {
                "min": 64,
                "max": 64
              }
            }
          ]
        }
      ]
    }
  ],
  "random_sequence": "omegabetterslop:blocks/cursedshit"
}