{
  "parent": "block/cube",
  "textures": {
    "down": "omegabetterslop:block/deepslate_aluminium_ore",
    "up": "omegabetterslop:block/deepslate_aluminium_ore",
    "north": "omegabetterslop:block/deepslate_aluminium_ore",
    "east": "omegabetterslop:block/deepslate_aluminium_ore",
    "south": "omegabetterslop:block/deepslate_aluminium_ore",
    "west": "omegabetterslop:block/deepslate_aluminium_ore",
    "particle": "omegabetterslop:block/deepslate_aluminium_ore"
  },
  "render_type": "solid"
}