{
  "display": {
    "icon": {
      "item": "omegavanilla:obsidipisoreblock"
    },
    "title": {
      "translate": "advancements.freeexp.title"
    },
    "description": {
      "translate": "advancements.freeexp.descr"
    },
    "frame": "task",
    "show_toast": true,
    "announce_to_chat": true,
    "hidden": false
  },
  "criteria": {
    "freeexp_0": {
      "trigger": "minecraft:inventory_changed",
      "conditions": {
        "items": [
          {
            "items": [
              "omegavanilla:obisidipis"
            ],
            "count": {
              "min": 1,
              "max": 1
            }
          }
        ]
      }
    }
  },
  "rewards": {
    "experience": 50
  },
  "parent": "minecraft:story/mine_diamond"
}