{
  "display": {
    "icon": {
      "item": "omegavanilla:amathystemeraldblock"
    },
    "title": {
      "translate": "advancements.nolife.title"
    },
    "description": {
      "translate": "advancements.nolife.descr"
    },
    "frame": "challenge",
    "show_toast": true,
    "announce_to_chat": true,
    "hidden": false
  },
  "criteria": {
    "nolife_0": {
      "trigger": "minecraft:inventory_changed",
      "conditions": {
        "items": [
          {
            "items": [
              "omegavanilla:amathystemeraldblock"
            ],
            "count": {
              "min": 64,
              "max": 64
            }
          }
        ]
      }
    }
  },
  "rewards": {
    "experience": 690
  },
  "parent": "minecraft:story/mine_diamond"
}