{
  "parent": "minecraft:recipes/root",
  "criteria": {
    "has_the_recipe": {
      "conditions": {
        "recipe": "omegabetterslop:othersidediscsplus"
      },
      "trigger": "minecraft:recipe_unlocked"
    },
    "has_ingredient_0": {
      "conditions": {
        "items": [
          {
            "items": [
              "minecraft:deepslate"
            ]
          }
        ]
      },
      "trigger": "minecraft:inventory_changed"
    },
    "has_ingredient_1": {
      "conditions": {
        "items": [
          {
            "items": [
              "minecraft:stone"
            ]
          }
        ]
      },
      "trigger": "minecraft:inventory_changed"
    },
    "has_ingredient_2": {
      "conditions": {
        "items": [
          {
            "items": [
              "minecraft:grass_block"
            ]
          }
        ]
      },
      "trigger": "minecraft:inventory_changed"
    },
    "has_ingredient_3": {
      "conditions": {
        "items": [
          {
            "items": [
              "minecraft:spruce_log"
            ]
          }
        ]
      },
      "trigger": "minecraft:inventory_changed"
    },
    "has_ingredient_4": {
      "conditions": {
        "items": [
          {
            "items": [
              "minecraft:nether_star"
            ]
          }
        ]
      },
      "trigger": "minecraft:inventory_changed"
    }
  },
  "requirements": [
    [
      "has_the_recipe",
      "has_ingredient_0",
      "has_ingredient_1",
      "has_ingredient_2",
      "has_ingredient_3",
      "has_ingredient_4"
    ]
  ],
  "rewards": {
    "recipes": [
      "omegabetterslop:othersidediscsplus"
    ]
  }
}